{"type":"Topology","transform":{"scale":[0.0135848272228784,0.012805522255623087],"translate":[-117.0955071146401,14.61812162833994]},"arcs":[[[1325,382],[9,-34]],[[1334,348],[-23,4]],[[1311,352],[14,30]],[[1219,330],[18,-36],[59,26]],[[1296,320],[31,-30]],[[1327,290],[47,-36]],[[1374,254],[30,-67],[-39,-54]],[[1365,133],[-264,126]],[[1101,259],[21,49],[93,-12],[-2,37]],[[1213,333],[6,-3]],[[1269,441],[88,-51]],[[1357,390],[1,-11]],[[1358,379],[1,-36]],[[1359,343],[-25,5]],[[1311,352],[-15,-32]],[[1213,333],[35,91]],[[1248,424],[21,17]],[[1359,343],[-4,-12]],[[1355,331],[-28,-41]],[[635,970],[109,-108]],[[744,862],[8,-65],[109,-136]],[[861,661],[-27,-43]],[[834,618],[-193,207],[-74,35],[10,54]],[[577,914],[5,1],[5,-3],[46,54]],[[633,966],[2,4]],[[30,1402],[138,-6]],[[168,1396],[0,-53]],[[168,1343],[18,-141],[133,-157]],[[319,1045],[-106,0]],[[213,1045],[10,40],[-120,97],[-103,208],[30,12]],[[168,1396],[265,-87],[181,-4]],[[614,1305],[20,-231],[-43,-15],[42,-93]],[[577,914],[-157,151],[-126,210],[-126,68]],[[407,932],[71,-180],[27,8],[57,-90],[-32,-25],[-177,149],[15,75],[-51,52],[-169,112],[65,12]],[[319,1045],[88,-113]],[[1141,792],[59,-16]],[[1200,776],[4,-7]],[[1204,769],[-110,-80],[32,-76],[32,17],[-10,-68]],[[1148,562],[-1,-1]],[[1147,561],[-26,18]],[[1121,579],[-32,33],[-33,-57]],[[1056,555],[5,-30],[-49,-23],[-25,40],[46,53],[-46,-8],[-5,46],[-40,-30]],[[942,603],[-4,6]],[[938,609],[40,127],[88,28],[-4,52]],[[1062,816],[79,-24]],[[822,949],[100,-34],[22,40],[42,-10]],[[986,945],[14,-113],[46,-41],[16,25]],[[938,609],[-47,6],[-30,46]],[[744,862],[39,7],[39,80]],[[753,1340],[262,-217]],[[1015,1123],[-41,-112],[12,-66]],[[614,1305],[40,0],[0,35],[99,0]],[[992,382],[10,-43]],[[1002,339],[-19,-22]],[[983,317],[-70,39]],[[913,356],[79,26]],[[942,603],[41,-76],[-35,-15],[-3,-45],[-35,32],[-40,-26]],[[870,473],[-36,145]],[[1115,447],[73,-32],[45,28]],[[1233,443],[15,-19]],[[1101,259],[-118,58]],[[1002,339],[69,37],[-37,44],[52,26],[18,4]],[[1104,450],[11,-3]],[[1056,555],[65,24]],[[1147,561],[-43,-111]],[[913,356],[-74,96],[31,21]],[[1861,256],[28,-50]],[[1889,206],[73,-92],[-109,-26],[-29,-88],[-124,108]],[[1700,108],[10,89]],[[1710,197],[19,14]],[[1729,211],[24,52],[39,-50],[69,43]],[[1823,300],[99,-50]],[[1922,250],[-33,-44]],[[1729,211],[-39,70]],[[1690,281],[123,34]],[[1813,315],[10,-15]],[[1507,313],[3,-2],[19,-19],[41,-57],[140,-38]],[[1700,108],[-84,15],[-102,-41],[-149,51]],[[1374,254],[12,4],[113,37]],[[1499,295],[8,18]],[[1169,562],[106,-25]],[[1275,537],[-61,-61],[19,-33]],[[1148,562],[21,0]],[[1318,551],[10,-31]],[[1328,520],[-59,-79]],[[1275,537],[43,14]],[[1214,764],[9,-94],[28,3]],[[1251,673],[6,-40],[99,-25]],[[1356,608],[26,-13],[-13,-66]],[[1369,529],[-20,-17],[-21,8]],[[1204,769],[10,-5]],[[1403,397],[29,-31],[-43,-13],[-31,26]],[[1357,390],[30,8]],[[1387,398],[16,-1]],[[1424,484],[2,-3],[10,-55],[32,7],[-9,-119],[40,-19]],[[1387,398],[20,63]],[[1407,461],[17,23]],[[1371,528],[21,-21],[-26,-60],[41,14]],[[1369,529],[2,-1]],[[1408,602],[14,-5]],[[1422,597],[124,-247],[144,-69]],[[1356,608],[52,-6]],[[1270,1027],[8,-7]],[[1278,1020],[-2,-62],[98,-109],[-96,-73],[20,-54],[-47,-49]],[[1200,776],[-1,47],[42,9],[-62,72],[35,40],[-17,29],[73,54]],[[1194,1145],[76,-118]],[[1015,1123],[74,69],[105,-47]],[[1296,988],[29,-67],[143,-36],[-46,-288]],[[1278,1020],[18,-32]],[[2152,543],[24,-6]],[[2176,537],[-15,-66],[-115,-86]],[[2046,385],[-81,101]],[[1965,486],[54,36]],[[2019,522],[133,21]],[[2046,385],[11,-126]],[[2057,259],[-135,-9]],[[1813,315],[94,27],[55,75]],[[1962,417],[3,69]],[[2230,515],[-69,-121],[24,-5],[-36,-114],[-42,28],[-50,-44]],[[2176,537],[54,-22]]],"objects":{"states":{"type":"GeometryCollection","geometries":[{"arcs":[[0,1,2]],"type":"Polygon","properties":{"state_code":9,"state_name":"Distrito Federal"}},{"arcs":[[3,4,5,6,7,8,9]],"type":"Polygon","properties":{"state_code":12,"state_name":"Guerrero"}},{"arcs":[[10,11,12,13,-1,-3,14,-4,-10,15,16]],"type":"Polygon","properties":{"state_code":15,"state_name":"México"}},{"arcs":[[-2,-14,17,18,-5,-15]],"type":"Polygon","properties":{"state_code":17,"state_name":"Morelos"}},{"arcs":[[19,20,21,22,23,24]],"type":"Polygon","properties":{"state_code":25,"state_name":"Sinaloa"}},{"arcs":[[25,26,27,28,29]],"type":"Polygon","properties":{"state_code":2,"state_name":"Baja California"}},{"arcs":[[30,31,-24,32,-27]],"type":"Polygon","properties":{"state_code":26,"state_name":"Sonora"}},{"arcs":[[33,-29,34]],"type":"Polygon","properties":{"state_code":3,"state_name":"Baja California Sur"}},{"arcs":[[35,36,37,38,39,40,41,42,43,44]],"type":"Polygon","properties":{"state_code":32,"state_name":"Zacatecas"}},{"arcs":[[45,46,-44,47,-21,48]],"type":"Polygon","properties":{"state_code":10,"state_name":"Durango"}},{"arcs":[[49,50,-46,-49,-20,-25,-32,51]],"type":"Polygon","properties":{"state_code":8,"state_name":"Chihuahua"}},{"arcs":[[52,53,54,55]],"type":"Polygon","properties":{"state_code":6,"state_name":"Colima"}},{"arcs":[[-48,-43,56,57,-22]],"type":"Polygon","properties":{"state_code":18,"state_name":"Nayarit"}},{"arcs":[[58,59,-16,-9,60,-54,61,62]],"type":"Polygon","properties":{"state_code":16,"state_name":"Michoacán de Ocampo"}},{"arcs":[[-42,63,-40,64,-62,-53,-56,65,-57]],"type":"Polygon","properties":{"state_code":14,"state_name":"Jalisco"}},{"arcs":[[66,67,68,69,70]],"type":"Polygon","properties":{"state_code":7,"state_name":"Chiapas"}},{"arcs":[[71,72,-67,-71,73,74,75]],"type":"Polygon","properties":{"state_code":27,"state_name":"Tabasco"}},{"arcs":[[76,-69,77,-7,78,79]],"type":"Polygon","properties":{"state_code":20,"state_name":"Oaxaca"}},{"arcs":[[80,81,-59,-63,-65,-39,82]],"type":"Polygon","properties":{"state_code":11,"state_name":"Guanajuato"}},{"arcs":[[-41,-64]],"type":"Polygon","properties":{"state_code":1,"state_name":"Aguascalientes"}},{"arcs":[[83,84,-17,-60,-82,85]],"type":"Polygon","properties":{"state_code":22,"state_name":"Querétaro"}},{"arcs":[[86,87,88,89,-84,-86,-81,-83,-38,90]],"type":"Polygon","properties":{"state_code":24,"state_name":"San Luis Potosí"}},{"arcs":[[91,-12,92,93]],"type":"Polygon","properties":{"state_code":29,"state_name":"Tlaxcala"}},{"arcs":[[94,-79,-6,-19,-18,-13,-92,-94,95,96]],"type":"Polygon","properties":{"state_code":21,"state_name":"Puebla"}},{"arcs":[[97,-96,-93,-11,-85,-90,98]],"type":"Polygon","properties":{"state_code":13,"state_name":"Hidalgo"}},{"arcs":[[99,100,-74,-70,-77,-80,-95,-97,-98,-99,-89,101]],"type":"Polygon","properties":{"state_code":30,"state_name":"Veracruz de Ignacio de la Llave"}},{"arcs":[[102,103,-87,-91,-37,104]],"type":"Polygon","properties":{"state_code":19,"state_name":"Nuevo León"}},{"arcs":[[105,-105,-36,-45,-47,-51,106]],"type":"Polygon","properties":{"state_code":5,"state_name":"Coahuila de Zaragoza"}},{"arcs":[[107,-100,-102,-88,-104,108]],"type":"Polygon","properties":{"state_code":28,"state_name":"Tamaulipas"}},{"arcs":[[109,110,111,112,113]],"type":"Polygon","properties":{"state_code":31,"state_name":"Yucatán"}},{"arcs":[[-112,114,115,-72,-76,116,117]],"type":"Polygon","properties":{"state_code":4,"state_name":"Campeche"}},{"arcs":[[118,-115,-111,119]],"type":"Polygon","properties":{"state_code":23,"state_name":"Quintana Roo"}}]}}}